seq,stamp_secs,stamp_nsecs,frame_id,GPS_INS_Time,GPS_IMU_Time,GPS_mSOW_data,LLH_x,LLH_y,LLH_z,YPR_x,YPR_y,YPR_z,OriQuat_x,OriQuat_y,OriQuat_z,OriQuat_w,Vel_ENU_x,Vel_ENU_y,Vel_ENU_z,Solution_Status_data,Pos_STD_x,Pos_STD_y,Pos_STD_z,Heading_STD,USW
0,1652992540,807979644,"""2003127""",259256.38,259256.385021,0,39.040000941,-77.389999463,-0.008,152.531,-0.054,0.195,0.0,0.0,0.0,0.0,0.0,0.0,0.0,0,0.0,0.0,0.0,0.0,0
1,1652992540,828956470,"""2003127""",259256.4,259256.405022,0,39.040000941,-77.389999463,-0.008,152.534,-0.054,0.194,0.0,0.0,0.0,0.0,0.0,0.0,0.0,0,0.0,0.0,0.0,0.0,0
2,1652992540,849956906,"""2003127""",259256.42,259256.425023,0,39.040000941,-77.389999464,-0.008,152.533,-0.056,0.196,0.0,0.0,0.0,0.0,0.0,0.0,0.0,0,0.0,0.0,0.0,0.0,0
3,1652992540,871068895,"""2003127""",259256.44,259256.445025,0,39.040000941,-77.389999464,-0.008,152.533,-0.059,0.193,0.0,0.0,0.0,0.0,0.0,0.0,0.0,0,0.0,0.0,0.0,0.0,0
4,1652992540,886952182,"""2003127""",259256.46,259256.465027,0,39.040000941,-77.389999464,-0.008,152.53,-0.054,0.191,0.0,0.0,0.0,0.0,0.0,0.0,0.0,0,0.0,0.0,0.0,0.0,0
5,1652992540,908029691,"""2003127""",259256.48,259256.485027,0,39.040000942,-77.389999464,-0.008,152.527,-0.054,0.192,0.0,0.0,0.0,0.0,0.0,0.0,0.0,0,0.0,0.0,0.0,0.0,0
6,1652992540,928928408,"""2003127""",259256.5,259256.505028,0,39.040000942,-77.389999465,-0.008,152.546,-0.051,0.18,0.0,0.0,0.0,0.0,0.0,0.0,0.0,0,0.0,0.0,0.0,0.0,0
7,1652992540,949970732,"""2003127""",259256.52,259256.524959,0,39.040000941,-77.389999466,-0.009,152.601,-0.054,0.186,0.0,0.0,0.0,0.0,0.0,0.0,0.0,0,0.0,0.0,0.0,0.0,0
8,1652992540,971035519,"""2003127""",259256.54,259256.54496,0,39.040000942,-77.389999466,-0.009,152.603,-0.056,0.187,0.0,0.0,0.0,0.0,0.0,0.0,0.0,0,0.0,0.0,0.0,0.0,0
9,1652992540,986923232,"""2003127""",259256.56,259256.564962,0,39.040000942,-77.389999466,-0.009,152.603,-0.049,0.188,0.0,0.0,0.0,0.0,0.0,0.0,0.0,0,0.0,0.0,0.0,0.0,0
10,1652992541,7968167,"""2003127""",259256.58,259256.584963,0,39.040000942,-77.389999467,-0.009,152.607,-0.05,0.189,0.0,0.0,0.0,0.0,0.0,0.0,0.0,0,0.0,0.0,0.0,0.0,0
11,1652992541,28895568,"""2003127""",259256.6,259256.604964,0,39.040000941,-77.389999468,-0.009,152.716,-0.046,0.184,0.0,0.0,0.0,0.0,0.0,0.0,0.0,0,0.0,0.0,0.0,0.0,0
12,1652992541,49957855,"""2003127""",259256.62,259256.624965,0,39.040000939,-77.389999471,-0.009,152.97,-0.044,0.175,0.0,0.0,0.0,0.0,-0.01,-0.01,0.0,0,0.0,0.0,0.0,0.0,0
13,1652992541,71231766,"""2003127""",259256.64,259256.644966,0,39.040000937,-77.389999476,-0.009,153.276,-0.041,0.177,0.0,0.0,0.0,0.0,-0.01,-0.01,0.0,0,0.0,0.0,0.0,0.0,0
14,1652992541,86991982,"""2003127""",259256.66,259256.664969,0,39.040000935,-77.38999948,-0.009,153.521,-0.037,0.192,0.0,0.0,0.0,0.0,-0.02,-0.01,0.0,0,0.0,0.0,0.0,0.0,0
15,1652992541,107951253,"""2003127""",259256.68,259256.684969,0,39.04000093,-77.389999486,-0.009,153.826,-0.036,0.226,0.0,0.0,0.0,0.0,-0.03,-0.03,0.0,0,0.0,0.0,0.0,0.0,0
16,1652992541,128879007,"""2003127""",259256.7,259256.70497,0,39.040000919,-77.389999495,-0.009,154.248,-0.02,0.33,0.0,0.0,0.0,0.0,-0.04,-0.07,0.0,0,0.0,0.0,0.0,0.0,0
17,1652992541,149916942,"""2003127""",259256.72,259256.724973,0,39.040000901,-77.389999509,-0.009,155.339,0.049,1.0,0.0,0.0,0.0,0.0,-0.07,-0.11,0.03,0,0.0,0.0,0.0,0.0,0
18,1652992541,170877509,"""2003127""",259256.74,259256.744972,0,39.040000879,-77.389999528,-0.007,157.574,0.366,2.577,0.0,0.0,0.0,0.0,-0.09,-0.12,0.08,0,0.0,0.0,0.0,0.0,0
19,1652992541,186970106,"""2003127""",259256.76,259256.764973,0,39.040000858,-77.389999552,-0.005,160.329,1.056,5.141,0.0,0.0,0.0,0.0,-0.12,-0.12,0.11,0,0.0,0.0,0.0,0.0,0
20,1652992541,207854453,"""2003127""",259256.78,259256.784974,0,39.040000835,-77.389999586,-0.003,163.224,1.959,8.107,0.0,0.0,0.0,0.0,-0.17,-0.13,0.12,0,0.0,0.0,0.0,0.0,0
21,1652992541,228916721,"""2003127""",259256.8,259256.804976,0,39.040000808,-77.389999633,0.0,166.32,3.093,10.784,0.0,0.0,0.0,0.0,-0.23,-0.16,0.13,0,0.0,0.0,0.0,0.0,0
22,1652992541,249960027,"""2003127""",259256.82,259256.824977,0,39.040000774,-77.389999696,0.001,169.383,4.696,12.642,0.0,0.0,0.0,0.0,-0.3,-0.2,0.15,0,0.0,0.0,0.0,0.0,0
23,1652992541,270965353,"""2003127""",259256.84,259256.844978,0,39.040000735,-77.389999772,0.005,172.278,6.675,13.923,0.0,0.0,0.0,0.0,-0.34,-0.21,0.22,0,0.0,0.0,0.0,0.0,0
24,1652992541,286845529,"""2003127""",259256.86,259256.864979,0,39.040000697,-77.389999854,0.01,175.122,8.894,15.232,0.0,0.0,0.0,0.0,-0.36,-0.2,0.3,0,0.0,0.0,0.0,0.0,0
25,1652992541,307890779,"""2003127""",259256.88,259256.88498,0,39.040000662,-77.389999942,0.017,178.063,11.403,16.909,0.0,0.0,0.0,0.0,-0.39,-0.18,0.39,0,0.0,0.0,0.0,0.0,0
26,1652992541,328837902,"""2003127""",259256.9,259256.904982,0,39.040000634,-77.390000035,0.026,180.698,13.638,18.727,0.0,0.0,0.0,0.0,-0.4,-0.13,0.46,0,0.0,0.0,0.0,0.0,0
27,1652992541,349876226,"""2003127""",259256.92,259256.924983,0,39.040000612,-77.39000013,0.036,183.031,15.893,20.671,0.0,0.0,0.0,0.0,-0.42,-0.1,0.51,0,0.0,0.0,0.0,0.0,0
28,1652992541,370824572,"""2003127""",259256.94,259256.944985,0,39.040000594,-77.390000234,0.046,185.395,18.375,22.236,0.0,0.0,0.0,0.0,-0.46,-0.08,0.55,0,0.0,0.0,0.0,0.0,0
29,1652992541,386965056,"""2003127""",259256.96,259256.964985,0,39.040000582,-77.390000343,0.058,187.887,20.853,23.855,0.0,0.0,0.0,0.0,-0.47,-0.04,0.61,0,0.0,0.0,0.0,0.0,0
30,1652992541,407874902,"""2003127""",259256.98,259256.984986,0,39.040000578,-77.390000453,0.071,190.395,23.328,25.867,0.0,0.0,0.0,0.0,-0.47,0.0,0.66,0,0.0,0.0,0.0,0.0,0
31,1652992541,428799322,"""2003127""",259257.0,259257.004987,0,39.040000582,-77.390000561,0.084,192.788,25.759,27.898,0.0,0.0,0.0,0.0,-0.45,0.04,0.67,0,0.0,0.0,0.0,0.0,0
32,1652992541,449904830,"""2003127""",259257.02,259257.024991,0,39.040000595,-77.390000663,0.098,195.034,28.06,29.767,0.0,0.0,0.0,0.0,-0.42,0.09,0.68,0,0.0,0.0,0.0,0.0,0
33,1652992541,470929007,"""2003127""",259257.04,259257.04499,0,39.040000615,-77.390000758,0.112,197.178,30.317,31.59,0.0,0.0,0.0,0.0,-0.39,0.13,0.71,0,0.0,0.0,0.0,0.0,0
34,1652992541,486796239,"""2003127""",259257.06,259257.064991,0,39.040000643,-77.390000845,0.126,199.229,32.812,33.448,0.0,0.0,0.0,0.0,-0.34,0.18,0.74,0,0.0,0.0,0.0,0.0,0
35,1652992541,507841230,"""2003127""",259257.08,259257.084992,0,39.040000681,-77.390000917,0.141,201.024,35.673,35.291,0.0,0.0,0.0,0.0,-0.28,0.23,0.76,0,0.0,0.0,0.0,0.0,0
36,1652992541,528772168,"""2003127""",259257.1,259257.104995,0,39.040000729,-77.390000975,0.157,202.676,38.892,37.241,0.0,0.0,0.0,0.0,-0.21,0.29,0.78,0,0.0,0.0,0.0,0.0,0
37,1652992541,549919972,"""2003127""",259257.12,259257.124995,0,39.040000787,-77.390001017,0.173,204.431,42.34,39.642,0.0,0.0,0.0,0.0,-0.14,0.34,0.79,0,0.0,0.0,0.0,0.0,0
38,1652992541,570895779,"""2003127""",259257.14,259257.144996,0,39.040000853,-77.390001043,0.189,206.245,45.794,42.482,0.0,0.0,0.0,0.0,-0.07,0.39,0.79,0,0.0,0.0,0.0,0.0,0
39,1652992541,586845639,"""2003127""",259257.16,259257.164997,0,39.040000928,-77.390001054,0.204,208.089,49.299,45.651,0.0,0.0,0.0,0.0,-0.02,0.44,0.78,0,0.0,0.0,0.0,0.0,0
40,1652992541,607867667,"""2003127""",259257.18,259257.185,0,39.040001011,-77.390001056,0.22,210.423,53.108,49.432,0.0,0.0,0.0,0.0,0.0,0.48,0.78,0,0.0,0.0,0.0,0.0,0
41,1652992541,628765088,"""2003127""",259257.2,259257.204999,0,39.040001101,-77.39000105,0.236,213.47,57.302,53.957,0.0,0.0,0.0,0.0,0.04,0.52,0.76,0,0.0,0.0,0.0,0.0,0
42,1652992541,649757154,"""2003127""",259257.22,259257.225001,0,39.040001198,-77.390001035,0.251,217.078,61.661,59.303,0.0,0.0,0.0,0.0,0.08,0.55,0.71,0,0.0,0.0,0.0,0.0,0
43,1652992541,670863070,"""2003127""",259257.24,259257.245004,0,39.0400013,-77.39000101,0.264,220.921,65.829,65.342,0.0,0.0,0.0,0.0,0.13,0.56,0.64,0,0.0,0.0,0.0,0.0,0
44,1652992541,686899594,"""2003127""",259257.26,259257.265005,0,39.040001402,-77.390000974,0.276,224.888,69.469,72.045,0.0,0.0,0.0,0.0,0.17,0.56,0.56,0,0.0,0.0,0.0,0.0,0
45,1652992541,707795940,"""2003127""",259257.28,259257.285004,0,39.040001501,-77.390000928,0.287,228.643,72.524,78.862,0.0,0.0,0.0,0.0,0.22,0.53,0.47,0,0.0,0.0,0.0,0.0,0
46,1652992541,728726675,"""2003127""",259257.3,259257.305006,0,39.040001594,-77.390000872,0.295,231.317,75.055,84.517,0.0,0.0,0.0,0.0,0.26,0.49,0.37,0,0.0,0.0,0.0,0.0,0
47,1652992541,749889293,"""2003127""",259257.32,259257.325006,0,39.040001679,-77.390000805,0.302,232.166,77.078,88.144,0.0,0.0,0.0,0.0,0.31,0.44,0.28,0,0.0,0.0,0.0,0.0,0
48,1652992541,770718900,"""2003127""",259257.34,259257.345007,0,39.040001753,-77.390000729,0.307,230.624,78.7,89.235,0.0,0.0,0.0,0.0,0.34,0.38,0.19,0,0.0,0.0,0.0,0.0,0
49,1652992541,786776868,"""2003127""",259257.36,259257.365009,0,39.040001814,-77.390000645,0.31,227.298,80.172,87.988,0.0,0.0,0.0,0.0,0.37,0.29,0.1,0,0.0,0.0,0.0,0.0,0
50,1652992541,807710380,"""2003127""",259257.38,259257.38501,0,39.040001859,-77.390000555,0.311,221.922,81.699,83.832,0.0,0.0,0.0,0.0,0.39,0.2,0.0,0,0.0,0.0,0.0,0.0,0
51,1652992541,828706706,"""2003127""",259257.4,259257.405011,0,39.040001891,-77.39000046,0.31,210.205,83.216,72.512,0.0,0.0,0.0,0.0,0.42,0.15,-0.08,0,0.0,0.0,0.0,0.0,0
52,1652992541,849834417,"""2003127""",259257.42,259257.425012,0,39.040001916,-77.39000036,0.307,186.941,84.033,49.7,0.0,0.0,0.0,0.0,0.43,0.12,-0.18,0,0.0,0.0,0.0,0.0,0
53,1652992541,870697320,"""2003127""",259257.44,259257.445014,0,39.040001935,-77.390000257,0.303,158.23,83.054,21.6,0.0,0.0,0.0,0.0,0.45,0.08,-0.29,0,0.0,0.0,0.0,0.0,0
54,1652992541,886829508,"""2003127""",259257.46,259257.465015,0,39.040001948,-77.390000148,0.296,138.799,80.004,2.672,0.0,0.0,0.0,0.0,0.48,0.05,-0.39,0,0.0,0.0,0.0,0.0,0
55,1652992541,907928479,"""2003127""",259257.48,259257.485017,0,39.040001956,-77.390000036,0.287,129.669,75.817,-5.87,0.0,0.0,0.0,0.0,0.47,0.04,-0.48,0,0.0,0.0,0.0,0.0,0
56,1652992541,928679422,"""2003127""",259257.5,259257.50502,0,39.040001965,-77.38999993,0.277,125.516,71.214,-8.961,0.0,0.0,0.0,0.0,0.43,0.05,-0.53,0,0.0,0.0,0.0,0.0,0
57,1652992541,949802004,"""2003127""",259257.52,259257.524948,0,39.040001977,-77.389999835,0.266,123.788,66.488,-9.455,0.0,0.0,0.0,0.0,0.39,0.07,-0.56,0,0.0,0.0,0.0,0.0,0
58,1652992541,970664462,"""2003127""",259257.54,259257.54495,0,39.040001992,-77.389999747,0.254,122.891,61.97,-8.868,0.0,0.0,0.0,0.0,0.36,0.08,-0.57,0,0.0,0.0,0.0,0.0,0
59,1652992541,986664580,"""2003127""",259257.56,259257.56495,0,39.040002008,-77.389999666,0.242,121.928,57.597,-8.386,0.0,0.0,0.0,0.0,0.32,0.08,-0.6,0,0.0,0.0,0.0,0.0,0
60,1652992542,7715626,"""2003127""",259257.58,259257.584952,0,39.040002021,-77.389999594,0.23,120.852,53.31,-8.345,0.0,0.0,0.0,0.0,0.29,0.07,-0.62,0,0.0,0.0,0.0,0.0,0
61,1652992542,28708008,"""2003127""",259257.6,259257.604953,0,39.040002034,-77.389999531,0.217,119.956,49.162,-8.161,0.0,0.0,0.0,0.0,0.25,0.06,-0.64,0,0.0,0.0,0.0,0.0,0
62,1652992542,49691204,"""2003127""",259257.62,259257.624954,0,39.040002043,-77.389999478,0.204,119.454,45.042,-7.721,0.0,0.0,0.0,0.0,0.21,0.04,-0.66,0,0.0,0.0,0.0,0.0,0
63,1652992542,70732103,"""2003127""",259257.64,259257.644955,0,39.04000205,-77.389999434,0.191,119.223,40.924,-7.163,0.0,0.0,0.0,0.0,0.16,0.03,-0.65,0,0.0,0.0,0.0,0.0,0
64,1652992542,86702092,"""2003127""",259257.66,259257.664956,0,39.040002056,-77.389999399,0.178,119.095,37.132,-6.522,0.0,0.0,0.0,0.0,0.13,0.02,-0.63,0,0.0,0.0,0.0,0.0,0
65,1652992542,107638715,"""2003127""",259257.68,259257.684958,0,39.040002059,-77.38999937,0.166,119.209,33.952,-5.635,0.0,0.0,0.0,0.0,0.11,0.0,-0.59,0,0.0,0.0,0.0,0.0,0
66,1652992542,128719168,"""2003127""",259257.7,259257.704959,0,39.040002057,-77.389999344,0.154,119.693,31.233,-4.387,0.0,0.0,0.0,0.0,0.09,-0.02,-0.56,0,0.0,0.0,0.0,0.0,0
67,1652992542,149629181,"""2003127""",259257.72,259257.72496,0,39.040002049,-77.389999324,0.143,120.615,28.648,-2.878,0.0,0.0,0.0,0.0,0.07,-0.07,-0.55,0,0.0,0.0,0.0,0.0,0
68,1652992542,170738930,"""2003127""",259257.74,259257.744961,0,39.04000203,-77.389999309,0.132,121.921,26.16,-1.601,0.0,0.0,0.0,0.0,0.05,-0.13,-0.55,0,0.0,0.0,0.0,0.0,0
69,1652992542,186675234,"""2003127""",259257.76,259257.764962,0,39.040002001,-77.389999297,0.121,123.111,23.994,-1.073,0.0,0.0,0.0,0.0,0.04,-0.18,-0.55,0,0.0,0.0,0.0,0.0,0
70,1652992542,207625895,"""2003127""",259257.78,259257.784964,0,39.040001963,-77.38999929,0.11,124.246,22.127,-1.198,0.0,0.0,0.0,0.0,0.01,-0.24,-0.55,0,0.0,0.0,0.0,0.0,0
71,1652992542,228598647,"""2003127""",259257.8,259257.804964,0,39.040001916,-77.389999287,0.099,125.773,20.42,-1.374,0.0,0.0,0.0,0.0,0.0,-0.26,-0.54,0,0.0,0.0,0.0,0.0,0
72,1652992542,249580880,"""2003127""",259257.82,259257.824966,0,39.040001869,-77.389999285,0.088,127.485,18.763,-1.001,0.0,0.0,0.0,0.0,0.0,-0.25,-0.52,0,0.0,0.0,0.0,0.0,0
73,1652992542,270582428,"""2003127""",259257.84,259257.844968,0,39.040001823,-77.389999284,0.078,129.235,17.055,-0.181,0.0,0.0,0.0,0.0,0.0,-0.26,-0.5,0,0.0,0.0,0.0,0.0,0
74,1652992542,286601119,"""2003127""",259257.86,259257.864968,0,39.040001774,-77.389999284,0.068,131.259,15.358,0.776,0.0,0.0,0.0,0.0,0.0,-0.28,-0.49,0,0.0,0.0,0.0,0.0,0
75,1652992542,308892116,"""2003127""",259257.88,259257.884969,0,39.04000172,-77.389999289,0.058,133.489,13.738,1.544,0.0,0.0,0.0,0.0,-0.03,-0.3,-0.49,0,0.0,0.0,0.0,0.0,0
76,1652992542,329565098,"""2003127""",259257.9,259257.904971,0,39.040001663,-77.389999299,0.048,135.418,12.188,1.696,0.0,0.0,0.0,0.0,-0.05,-0.31,-0.49,0,0.0,0.0,0.0,0.0,0
77,1652992542,350683680,"""2003127""",259257.92,259257.924972,0,39.040001604,-77.389999315,0.038,137.065,10.831,1.264,0.0,0.0,0.0,0.0,-0.08,-0.33,-0.47,0,0.0,0.0,0.0,0.0,0
78,1652992542,366624151,"""2003127""",259257.94,259257.944973,0,39.040001543,-77.389999335,0.029,138.965,9.763,0.674,0.0,0.0,0.0,0.0,-0.08,-0.33,-0.44,0,0.0,0.0,0.0,0.0,0
79,1652992542,388752041,"""2003127""",259257.96,259257.964974,0,39.040001487,-77.389999353,0.02,140.66,8.749,0.561,0.0,0.0,0.0,0.0,-0.07,-0.28,-0.41,0,0.0,0.0,0.0,0.0,0
80,1652992542,409563705,"""2003127""",259257.98,259257.984975,0,39.040001437,-77.389999369,0.012,141.948,7.599,0.792,0.0,0.0,0.0,0.0,-0.07,-0.26,-0.37,0,0.0,0.0,0.0,0.0,0
81,1652992542,430655861,"""2003127""",259258.0,259258.004976,0,39.04000139,-77.389999385,0.005,143.246,6.579,1.173,0.0,0.0,0.0,0.0,-0.05,-0.24,-0.3,0,0.0,0.0,0.0,0.0,0
82,1652992542,446817864,"""2003127""",259258.02,259258.024978,0,39.040001353,-77.389999388,0.001,144.643,5.494,3.333,0.0,0.0,0.0,0.0,0.01,-0.17,-0.14,0,0.0,0.0,0.0,0.0,0
83,1652992542,468616077,"""2003127""",259258.04,259258.044979,0,39.040001323,-77.389999383,-0.001,146.202,4.044,6.259,0.0,0.0,0.0,0.0,0.01,-0.18,-0.09,0,0.0,0.0,0.0,0.0,0
84,1652992542,489714067,"""2003127""",259258.06,259258.06498,0,39.040001289,-77.389999381,-0.002,147.7,3.457,7.864,0.0,0.0,0.0,0.0,0.0,-0.18,-0.05,0,0.0,0.0,0.0,0.0,0
85,1652992542,510501009,"""2003127""",259258.08,259258.084983,0,39.040001259,-77.389999382,-0.003,148.82,3.179,8.874,0.0,0.0,0.0,0.0,0.0,-0.15,-0.02,0,0.0,0.0,0.0,0.0,0
86,1652992542,526767786,"""2003127""",259258.1,259258.104982,0,39.040001233,-77.389999386,-0.003,149.664,2.896,9.424,0.0,0.0,0.0,0.0,-0.02,-0.13,-0.01,0,0.0,0.0,0.0,0.0,0
87,1652992542,548695922,"""2003127""",259258.12,259258.124984,0,39.040001211,-77.389999393,-0.003,150.404,2.729,9.573,0.0,0.0,0.0,0.0,-0.03,-0.11,0.0,0,0.0,0.0,0.0,0.0,0
88,1652992542,569646656,"""2003127""",259258.14,259258.144985,0,39.040001193,-77.389999401,-0.003,151.082,2.677,9.721,0.0,0.0,0.0,0.0,-0.03,-0.08,0.0,0,0.0,0.0,0.0,0.0,0
89,1652992542,590582113,"""2003127""",259258.16,259258.164988,0,39.040001182,-77.389999409,-0.004,151.606,2.438,10.057,0.0,0.0,0.0,0.0,-0.03,-0.03,-0.03,0,0.0,0.0,0.0,0.0,0
90,1652992542,606508066,"""2003127""",259258.18,259258.184987,0,39.04000118,-77.389999418,-0.005,151.902,1.706,10.498,0.0,0.0,0.0,0.0,-0.03,0.0,-0.04,0,0.0,0.0,0.0,0.0,0
91,1652992542,628536273,"""2003127""",259258.2,259258.204988,0,39.04000118,-77.389999424,-0.005,151.899,1.291,10.675,0.0,0.0,0.0,0.0,-0.01,0.0,0.0,0,0.0,0.0,0.0,0.0,0
92,1652992542,649509192,"""2003127""",259258.22,259258.22499,0,39.040001181,-77.389999428,-0.005,151.826,1.41,10.601,0.0,0.0,0.0,0.0,-0.01,0.0,0.0,0,0.0,0.0,0.0,0.0,0
93,1652992542,670531850,"""2003127""",259258.24,259258.244991,0,39.040001183,-77.389999434,-0.006,151.807,1.382,10.541,0.0,0.0,0.0,0.0,-0.02,0.0,0.0,0,0.0,0.0,0.0,0.0,0
94,1652992542,686513691,"""2003127""",259258.26,259258.264992,0,39.040001184,-77.389999441,-0.006,151.868,1.326,10.571,0.0,0.0,0.0,0.0,-0.03,0.0,0.0,0,0.0,0.0,0.0,0.0,0
95,1652992542,708499436,"""2003127""",259258.28,259258.284993,0,39.040001184,-77.389999449,-0.006,152.056,1.272,10.622,0.0,0.0,0.0,0.0,-0.03,0.0,0.0,0,0.0,0.0,0.0,0.0,0
96,1652992542,729504984,"""2003127""",259258.3,259258.304994,0,39.040001184,-77.389999458,-0.006,152.209,1.234,10.682,0.0,0.0,0.0,0.0,-0.03,0.0,0.0,0,0.0,0.0,0.0,0.0,0
97,1652992542,750422737,"""2003127""",259258.32,259258.324996,0,39.040001184,-77.389999467,-0.006,152.327,1.246,10.793,0.0,0.0,0.0,0.0,-0.04,0.0,0.0,0,0.0,0.0,0.0,0.0,0
98,1652992542,766540093,"""2003127""",259258.34,259258.344997,0,39.040001184,-77.389999478,-0.006,152.52,1.279,10.907,0.0,0.0,0.0,0.0,-0.05,0.0,0.0,0,0.0,0.0,0.0,0.0,0
99,1652992542,788486561,"""2003127""",259258.36,259258.364998,0,39.040001184,-77.389999492,-0.006,152.814,1.282,11.063,0.0,0.0,0.0,0.0,-0.07,0.0,0.0,0,0.0,0.0,0.0,0.0,0
100,1652992542,809451536,"""2003127""",259258.38,259258.384999,0,39.040001181,-77.389999511,-0.006,153.229,1.383,11.286,0.0,0.0,0.0,0.0,-0.08,-0.01,0.01,0,0.0,0.0,0.0,0.0,0
101,1652992542,830511249,"""2003127""",259258.4,259258.405002,0,39.040001177,-77.389999533,-0.005,153.814,1.558,11.593,0.0,0.0,0.0,0.0,-0.1,-0.02,0.02,0,0.0,0.0,0.0,0.0,0
102,1652992542,846439702,"""2003127""",259258.42,259258.425001,0,39.040001171,-77.389999561,-0.004,154.45,1.879,11.711,0.0,0.0,0.0,0.0,-0.12,-0.03,0.05,0,0.0,0.0,0.0,0.0,0
103,1652992542,868616738,"""2003127""",259258.44,259258.445003,0,39.040001164,-77.389999592,-0.003,155.026,2.328,11.706,0.0,0.0,0.0,0.0,-0.13,-0.04,0.09,0,0.0,0.0,0.0,0.0,0
104,1652992542,889586824,"""2003127""",259258.46,259258.465006,0,39.040001156,-77.389999625,0.0,155.659,2.974,11.801,0.0,0.0,0.0,0.0,-0.14,-0.04,0.14,0,0.0,0.0,0.0,0.0,0
105,1652992542,910500633,"""2003127""",259258.48,259258.485007,0,39.040001147,-77.389999658,0.002,156.387,3.888,12.077,0.0,0.0,0.0,0.0,-0.14,-0.04,0.19,0,0.0,0.0,0.0,0.0,0
106,1652992542,926479381,"""2003127""",259258.5,259258.505006,0,39.040001138,-77.389999694,0.006,157.19,4.793,12.375,0.0,0.0,0.0,0.0,-0.17,-0.04,0.21,0,0.0,0.0,0.0,0.0,0
107,1652992542,948959818,"""2003127""",259258.52,259258.524937,0,39.040001128,-77.389999738,0.011,158.235,5.668,12.644,0.0,0.0,0.0,0.0,-0.19,-0.06,0.27,0,0.0,0.0,0.0,0.0,0
108,1652992542,969409324,"""2003127""",259258.54,259258.544939,0,39.040001115,-77.389999785,0.017,159.377,7.022,12.898,0.0,0.0,0.0,0.0,-0.21,-0.07,0.35,0,0.0,0.0,0.0,0.0,0
109,1652992542,990397464,"""2003127""",259258.56,259258.564941,0,39.040001101,-77.389999835,0.025,160.346,9.207,12.955,0.0,0.0,0.0,0.0,-0.21,-0.07,0.43,0,0.0,0.0,0.0,0.0,0
110,1652992543,6490524,"""2003127""",259258.58,259258.584941,0,39.04000109,-77.389999886,0.034,161.173,12.209,12.9,0.0,0.0,0.0,0.0,-0.22,-0.04,0.48,0,0.0,0.0,0.0,0.0,0
111,1652992543,28486899,"""2003127""",259258.6,259258.604942,0,39.040001086,-77.389999939,0.045,161.921,15.648,12.856,0.0,0.0,0.0,0.0,-0.23,0.0,0.54,0,0.0,0.0,0.0,0.0,0
112,1652992543,49489077,"""2003127""",259258.62,259258.624943,0,39.040001089,-77.389999996,0.056,162.659,19.666,12.968,0.0,0.0,0.0,0.0,-0.25,0.03,0.62,0,0.0,0.0,0.0,0.0,0
113,1652992543,70367942,"""2003127""",259258.64,259258.644946,0,39.040001099,-77.390000058,0.069,163.163,24.73,13.049,0.0,0.0,0.0,0.0,-0.28,0.08,0.68,0,0.0,0.0,0.0,0.0,0
114,1652992543,86383615,"""2003127""",259258.66,259258.664946,0,39.04000112,-77.390000128,0.083,163.123,30.776,12.77,0.0,0.0,0.0,0.0,-0.31,0.15,0.7,0,0.0,0.0,0.0,0.0,0
115,1652992543,108565652,"""2003127""",259258.68,259258.684947,0,39.040001155,-77.390000206,0.097,162.745,37.015,12.16,0.0,0.0,0.0,0.0,-0.35,0.23,0.67,0,0.0,0.0,0.0,0.0,0
116,1652992543,129487424,"""2003127""",259258.7,259258.704949,0,39.040001205,-77.390000294,0.11,162.188,42.871,11.357,0.0,0.0,0.0,0.0,-0.39,0.31,0.62,0,0.0,0.0,0.0,0.0,0
117,1652992543,150478324,"""2003127""",259258.72,259258.724949,0,39.040001268,-77.390000388,0.122,161.338,48.206,10.405,0.0,0.0,0.0,0.0,-0.41,0.37,0.54,0,0.0,0.0,0.0,0.0,0
118,1652992543,166354575,"""2003127""",259258.74,259258.74495,0,39.04000134,-77.390000486,0.132,160.205,53.044,9.208,0.0,0.0,0.0,0.0,-0.42,0.41,0.47,0,0.0,0.0,0.0,0.0,0
119,1652992543,188477465,"""2003127""",259258.76,259258.764952,0,39.040001417,-77.390000584,0.141,158.989,57.336,8.033,0.0,0.0,0.0,0.0,-0.41,0.44,0.39,0,0.0,0.0,0.0,0.0,0
120,1652992543,209331609,"""2003127""",259258.78,259258.784953,0,39.040001499,-77.390000679,0.148,157.876,60.922,7.171,0.0,0.0,0.0,0.0,-0.4,0.46,0.32,0,0.0,0.0,0.0,0.0,0
121,1652992543,230348212,"""2003127""",259258.8,259258.804954,0,39.040001583,-77.390000772,0.154,157.127,63.834,6.68,0.0,0.0,0.0,0.0,-0.39,0.46,0.27,0,0.0,0.0,0.0,0.0,0
122,1652992543,246327053,"""2003127""",259258.82,259258.824955,0,39.040001669,-77.390000864,0.159,156.844,66.397,6.551,0.0,0.0,0.0,0.0,-0.39,0.49,0.24,0,0.0,0.0,0.0,0.0,0
123,1652992543,268730140,"""2003127""",259258.84,259258.844958,0,39.040001761,-77.390000955,0.164,156.578,69.014,6.574,0.0,0.0,0.0,0.0,-0.38,0.53,0.23,0,0.0,0.0,0.0,0.0,0
124,1652992543,289324920,"""2003127""",259258.86,259258.864957,0,39.04000186,-77.390001044,0.168,155.205,71.829,5.719,0.0,0.0,0.0,0.0,-0.38,0.56,0.21,0,0.0,0.0,0.0,0.0,0
125,1652992543,310333949,"""2003127""",259258.88,259258.884959,0,39.040001965,-77.390001133,0.172,151.946,74.828,3.025,0.0,0.0,0.0,0.0,-0.38,0.59,0.18,0,0.0,0.0,0.0,0.0,0
126,1652992543,331581565,"""2003127""",259258.9,259258.90496,0,39.040002071,-77.39000122,0.176,146.363,77.899,-1.945,0.0,0.0,0.0,0.0,-0.36,0.58,0.14,0,0.0,0.0,0.0,0.0,0
127,1652992543,347308745,"""2003127""",259258.92,259258.924962,0,39.040002175,-77.390001303,0.178,137.999,80.817,-9.598,0.0,0.0,0.0,0.0,-0.34,0.55,0.08,0,0.0,0.0,0.0,0.0,0
128,1652992543,368313015,"""2003127""",259258.94,259258.944962,0,39.040002272,-77.390001378,0.179,125.282,83.336,-21.443,0.0,0.0,0.0,0.0,-0.3,0.51,0.01,0,0.0,0.0,0.0,0.0,0
129,1652992543,390031064,"""2003127""",259258.96,259258.964964,0,39.040002359,-77.390001444,0.179,106.794,85.041,-38.951,0.0,0.0,0.0,0.0,-0.26,0.45,-0.05,0,0.0,0.0,0.0,0.0,0
130,1652992543,410583456,"""2003127""",259258.98,259258.984965,0,39.040002434,-77.390001501,0.177,85.001,85.636,-59.895,0.0,0.0,0.0,0.0,-0.22,0.37,-0.1,0,0.0,0.0,0.0,0.0,0
131,1652992543,431322344,"""2003127""",259259.0,259259.004966,0,39.040002494,-77.390001548,0.175,68.083,85.406,-76.182,0.0,0.0,0.0,0.0,-0.18,0.29,-0.13,0,0.0,0.0,0.0,0.0,0
132,1652992543,447706396,"""2003127""",259259.02,259259.024967,0,39.040002541,-77.390001587,0.172,58.38,85.016,-85.32,0.0,0.0,0.0,0.0,-0.15,0.22,-0.15,0,0.0,0.0,0.0,0.0,0
133,1652992543,468595799,"""2003127""",259259.04,259259.044969,0,39.040002577,-77.390001619,0.169,54.258,84.825,-88.768,0.0,0.0,0.0,0.0,-0.12,0.16,-0.15,0,0.0,0.0,0.0,0.0,0
134,1652992543,489514219,"""2003127""",259259.06,259259.064969,0,39.040002601,-77.390001644,0.166,54.57,84.753,-87.912,0.0,0.0,0.0,0.0,-0.08,0.1,-0.14,0,0.0,0.0,0.0,0.0,0
135,1652992543,510442936,"""2003127""",259259.08,259259.084971,0,39.040002614,-77.390001661,0.163,58.041,84.537,-84.241,0.0,0.0,0.0,0.0,-0.05,0.04,-0.13,0,0.0,0.0,0.0,0.0,0
136,1652992543,531258914,"""2003127""",259259.1,259259.104972,0,39.040002619,-77.390001672,0.16,62.489,84.22,-79.806,0.0,0.0,0.0,0.0,-0.04,0.01,-0.09,0,0.0,0.0,0.0,0.0,0
137,1652992543,547359030,"""2003127""",259259.12,259259.124973,0,39.040002619,-77.39000168,0.159,66.771,84.074,-75.479,0.0,0.0,0.0,0.0,-0.03,-0.01,-0.05,0,0.0,0.0,0.0,0.0,0
138,1652992543,568428946,"""2003127""",259259.14,259259.144974,0,39.040002614,-77.390001686,0.158,70.8,84.126,-71.313,0.0,0.0,0.0,0.0,-0.01,-0.03,0.0,0,0.0,0.0,0.0,0.0,0
139,1652992543,590011017,"""2003127""",259259.16,259259.164975,0,39.040002606,-77.390001689,0.159,74.729,84.241,-67.313,0.0,0.0,0.0,0.0,0.0,-0.06,0.03,0,0.0,0.0,0.0,0.0,0
140,1652992543,610255195,"""2003127""",259259.18,259259.184977,0,39.040002591,-77.390001689,0.16,78.917,84.365,-63.17,0.0,0.0,0.0,0.0,0.01,-0.1,0.06,0,0.0,0.0,0.0,0.0,0
141,1652992543,631363388,"""2003127""",259259.2,259259.204977,0,39.040002569,-77.390001683,0.161,85.2,84.391,-57.039,0.0,0.0,0.0,0.0,0.04,-0.14,0.07,0,0.0,0.0,0.0,0.0,0
142,1652992543,647283471,"""2003127""",259259.22,259259.224979,0,39.040002538,-77.39000167,0.163,94.468,84.302,-47.838,0.0,0.0,0.0,0.0,0.06,-0.18,0.09,0,0.0,0.0,0.0,0.0,0
143,1652992543,668259741,"""2003127""",259259.24,259259.24498,0,39.0400025,-77.390001652,0.165,105.581,84.061,-36.766,0.0,0.0,0.0,0.0,0.09,-0.23,0.1,0,0.0,0.0,0.0,0.0,0
144,1652992543,689251493,"""2003127""",259259.26,259259.264981,0,39.040002454,-77.390001625,0.167,115.902,83.46,-26.588,0.0,0.0,0.0,0.0,0.13,-0.27,0.1,0,0.0,0.0,0.0,0.0,0
145,1652992543,710408352,"""2003127""",259259.28,259259.284982,0,39.0400024,-77.390001587,0.168,123.817,82.233,-18.967,0.0,0.0,0.0,0.0,0.19,-0.32,0.07,0,0.0,0.0,0.0,0.0,0
146,1652992543,731326124,"""2003127""",259259.3,259259.304983,0,39.040002336,-77.390001536,0.17,129.123,80.327,-14.047,0.0,0.0,0.0,0.0,0.24,-0.37,0.04,0,0.0,0.0,0.0,0.0,0
147,1652992543,747181042,"""2003127""",259259.32,259259.324985,0,39.040002264,-77.390001473,0.17,132.849,78.022,-10.722,0.0,0.0,0.0,0.0,0.28,-0.41,0.02,0,0.0,0.0,0.0,0.0,0
148,1652992543,768181646,"""2003127""",259259.34,259259.344986,0,39.040002186,-77.390001405,0.171,135.819,75.614,-8.149,0.0,0.0,0.0,0.0,0.3,-0.45,0.0,0,0.0,0.0,0.0,0.0,0
149,1652992543,789315209,"""2003127""",259259.36,259259.364987,0,39.0400021,-77.390001329,0.17,137.906,72.815,-6.455,0.0,0.0,0.0,0.0,0.34,-0.5,-0.04,0,0.0,0.0,0.0,0.0,0
150,1652992543,810221852,"""2003127""",259259.38,259259.384988,0,39.040002004,-77.390001245,0.169,139.277,69.144,-5.796,0.0,0.0,0.0,0.0,0.37,-0.55,-0.12,0,0.0,0.0,0.0,0.0,0
151,1652992543,831312064,"""2003127""",259259.4,259259.404989,0,39.040001901,-77.39000116,0.166,140.608,64.87,-5.316,0.0,0.0,0.0,0.0,0.35,-0.58,-0.17,0,0.0,0.0,0.0,0.0,0
152,1652992543,847269516,"""2003127""",259259.42,259259.424991,0,39.040001796,-77.390001078,0.162,142.229,60.666,-4.469,0.0,0.0,0.0,0.0,0.34,-0.58,-0.2,0,0.0,0.0,0.0,0.0,0
153,1652992543,868211751,"""2003127""",259259.44,259259.444993,0,39.04000169,-77.390000997,0.157,143.894,56.657,-3.414,0.0,0.0,0.0,0.0,0.35,-0.59,-0.26,0,0.0,0.0,0.0,0.0,0
154,1652992543,889297908,"""2003127""",259259.46,259259.464993,0,39.040001582,-77.390000917,0.151,145.561,52.266,-2.341,0.0,0.0,0.0,0.0,0.33,-0.59,-0.34,0,0.0,0.0,0.0,0.0,0
155,1652992543,910226235,"""2003127""",259259.48,259259.484994,0,39.040001478,-77.390000841,0.144,147.359,47.531,-1.046,0.0,0.0,0.0,0.0,0.31,-0.56,-0.37,0,0.0,0.0,0.0,0.0,0
156,1652992543,931296874,"""2003127""",259259.5,259259.504995,0,39.040001379,-77.390000769,0.136,148.919,43.14,0.196,0.0,0.0,0.0,0.0,0.3,-0.54,-0.4,0,0.0,0.0,0.0,0.0,0
157,1652992543,947223382,"""2003127""",259259.52,259259.524926,0,39.040001282,-77.390000701,0.128,149.863,39.061,0.602,0.0,0.0,0.0,0.0,0.27,-0.52,-0.45,0,0.0,0.0,0.0,0.0,0
158,1652992543,968135155,"""2003127""",259259.54,259259.544928,0,39.04000119,-77.39000064,0.119,150.49,35.106,0.632,0.0,0.0,0.0,0.0,0.25,-0.49,-0.46,0,0.0,0.0,0.0,0.0,0
159,1652992543,989267607,"""2003127""",259259.56,259259.564929,0,39.040001104,-77.390000584,0.109,151.112,31.443,0.75,0.0,0.0,0.0,0.0,0.23,-0.45,-0.47,0,0.0,0.0,0.0,0.0,0
160,1652992544,10258655,"""2003127""",259259.58,259259.58493,0,39.040001026,-77.390000533,0.099,151.509,28.083,0.55,0.0,0.0,0.0,0.0,0.2,-0.41,-0.48,0,0.0,0.0,0.0,0.0,0
161,1652992544,31223241,"""2003127""",259259.6,259259.604931,0,39.040000955,-77.390000486,0.09,151.729,24.964,0.309,0.0,0.0,0.0,0.0,0.19,-0.36,-0.48,0,0.0,0.0,0.0,0.0,0
162,1652992544,47274895,"""2003127""",259259.62,259259.624934,0,39.040000894,-77.390000443,0.08,151.964,22.056,0.373,0.0,0.0,0.0,0.0,0.18,-0.31,-0.46,0,0.0,0.0,0.0,0.0,0
163,1652992544,68194185,"""2003127""",259259.64,259259.644934,0,39.040000842,-77.390000401,0.071,152.218,19.397,0.767,0.0,0.0,0.0,0.0,0.17,-0.26,-0.43,0,0.0,0.0,0.0,0.0,0
164,1652992544,89349156,"""2003127""",259259.66,259259.664935,0,39.040000798,-77.390000361,0.063,152.466,17.041,1.194,0.0,0.0,0.0,0.0,0.16,-0.22,-0.4,0,0.0,0.0,0.0,0.0,0
165,1652992544,110112080,"""2003127""",259259.68,259259.684938,0,39.040000762,-77.390000326,0.055,152.626,15.017,1.322,0.0,0.0,0.0,0.0,0.14,-0.17,-0.37,0,0.0,0.0,0.0,0.0,0
166,1652992544,131140016,"""2003127""",259259.7,259259.704939,0,39.040000735,-77.390000294,0.048,152.603,13.342,1.368,0.0,0.0,0.0,0.0,0.13,-0.12,-0.34,0,0.0,0.0,0.0,0.0,0
167,1652992544,147258113,"""2003127""",259259.72,259259.724938,0,39.040000716,-77.390000264,0.042,152.501,11.911,1.694,0.0,0.0,0.0,0.0,0.12,-0.07,-0.31,0,0.0,0.0,0.0,0.0,0
168,1652992544,168447545,"""2003127""",259259.74,259259.744939,0,39.040000705,-77.390000236,0.036,152.403,10.718,2.207,0.0,0.0,0.0,0.0,0.1,-0.05,-0.28,0,0.0,0.0,0.0,0.0,0
169,1652992544,189763066,"""2003127""",259259.76,259259.764941,0,39.040000697,-77.390000214,0.03,152.214,10.048,2.239,0.0,0.0,0.0,0.0,0.08,-0.03,-0.26,0,0.0,0.0,0.0,0.0,0
170,1652992544,210071021,"""2003127""",259259.78,259259.784942,0,39.040000692,-77.390000197,0.025,151.786,10.022,1.672,0.0,0.0,0.0,0.0,0.05,-0.01,-0.26,0,0.0,0.0,0.0,0.0,0
171,1652992544,231363765,"""2003127""",259259.8,259259.804943,0,39.04000069,-77.390000186,0.02,151.127,10.29,0.703,0.0,0.0,0.0,0.0,0.03,0.0,-0.27,0,0.0,0.0,0.0,0.0,0
172,1652992544,247073057,"""2003127""",259259.82,259259.824944,0,39.040000692,-77.390000178,0.014,150.618,10.672,-0.223,0.0,0.0,0.0,0.0,0.03,0.02,-0.27,0,0.0,0.0,0.0,0.0,0
173,1652992544,268407671,"""2003127""",259259.84,259259.844945,0,39.040000697,-77.390000172,0.009,150.409,10.967,-0.606,0.0,0.0,0.0,0.0,0.02,0.03,-0.25,0,0.0,0.0,0.0,0.0,0
174,1652992544,289385756,"""2003127""",259259.86,259259.864947,0,39.040000704,-77.390000169,0.004,150.297,11.169,-0.861,0.0,0.0,0.0,0.0,0.0,0.04,-0.24,0,0.0,0.0,0.0,0.0,0
175,1652992544,310107886,"""2003127""",259259.88,259259.884948,0,39.040000712,-77.390000171,0.0,150.216,11.473,-1.237,0.0,0.0,0.0,0.0,0.0,0.04,-0.23,0,0.0,0.0,0.0,0.0,0
176,1652992544,331251060,"""2003127""",259259.9,259259.904949,0,39.040000718,-77.390000169,-0.003,150.242,10.496,-0.814,0.0,0.0,0.0,0.0,0.0,0.03,-0.07,0,0.0,0.0,0.0,0.0,0
177,1652992544,347040275,"""2003127""",259259.92,259259.924951,0,39.040000726,-77.390000167,-0.004,150.764,9.617,0.12,0.0,0.0,0.0,0.0,0.0,0.02,-0.03,0,0.0,0.0,0.0,0.0,0
178,1652992544,368122303,"""2003127""",259259.94,259259.944951,0,39.040000728,-77.390000167,-0.005,151.006,9.181,0.191,0.0,0.0,0.0,0.0,-0.01,0.0,-0.02,0,0.0,0.0,0.0,0.0,0
179,1652992544,389194738,"""2003127""",259259.96,259259.964952,0,39.040000729,-77.39000017,-0.005,150.99,8.709,0.136,0.0,0.0,0.0,0.0,0.0,0.0,-0.02,0,0.0,0.0,0.0,0.0,0
180,1652992544,410303858,"""2003127""",259259.98,259259.984954,0,39.040000728,-77.390000173,-0.006,151.151,8.15,0.147,0.0,0.0,0.0,0.0,-0.01,0.0,-0.03,0,0.0,0.0,0.0,0.0,0
181,1652992544,431063245,"""2003127""",259260.0,259260.004955,0,39.040000727,-77.390000177,-0.006,151.605,7.468,0.14,0.0,0.0,0.0,0.0,-0.01,0.0,-0.04,0,0.0,0.0,0.0,0.0,0
182,1652992544,447280376,"""2003127""",259260.02,259260.024957,0,39.040000726,-77.39000018,-0.007,152.175,6.52,0.171,0.0,0.0,0.0,0.0,-0.01,0.0,-0.06,0,0.0,0.0,0.0,0.0,0
183,1652992544,468248721,"""2003127""",259260.04,259260.044957,0,39.040000725,-77.390000184,-0.009,152.672,5.164,0.222,0.0,0.0,0.0,0.0,-0.02,-0.01,-0.09,0,0.0,0.0,0.0,0.0,0
184,1652992544,488996831,"""2003127""",259260.06,259260.064958,0,39.040000723,-77.390000192,-0.011,153.109,3.165,0.245,0.0,0.0,0.0,0.0,-0.04,0.0,-0.13,0,0.0,0.0,0.0,0.0,0
185,1652992544,510106858,"""2003127""",259260.08,259260.08496,0,39.040000722,-77.390000203,-0.015,153.558,0.444,0.239,0.0,0.0,0.0,0.0,-0.04,0.0,-0.14,0,0.0,0.0,0.0,0.0,0
186,1652992544,531011779,"""2003127""",259260.1,259260.104961,0,39.040000724,-77.390000212,-0.017,153.649,-0.01,0.171,0.0,0.0,0.0,0.0,-0.03,0.01,-0.11,0,0.0,0.0,0.0,0.0,0
187,1652992544,547135745,"""2003127""",259260.12,259260.124962,0,39.040000728,-77.39000022,-0.019,153.497,-0.021,0.162,0.0,0.0,0.0,0.0,-0.03,0.02,-0.11,0,0.0,0.0,0.0,0.0,0
188,1652992544,568071814,"""2003127""",259260.14,259260.144964,0,39.040000733,-77.390000228,-0.021,153.248,-0.014,0.154,0.0,0.0,0.0,0.0,-0.03,0.02,-0.11,0,0.0,0.0,0.0,0.0,0
189,1652992544,588963605,"""2003127""",259260.16,259260.164964,0,39.040000737,-77.390000237,-0.024,153.109,-0.013,0.144,0.0,0.0,0.0,0.0,-0.04,0.02,-0.11,0,0.0,0.0,0.0,0.0,0
190,1652992544,609962431,"""2003127""",259260.18,259260.184965,0,39.040000742,-77.390000248,-0.026,153.103,-0.005,0.156,0.0,0.0,0.0,0.0,-0.04,0.02,-0.11,0,0.0,0.0,0.0,0.0,0
191,1652992544,631024015,"""2003127""",259260.2,259260.204967,0,39.040000746,-77.390000259,-0.028,153.103,0.005,0.188,0.0,0.0,0.0,0.0,-0.04,0.02,-0.11,0,0.0,0.0,0.0,0.0,0
192,1652992544,647086742,"""2003127""",259260.22,259260.22497,0,39.04000075,-77.39000027,-0.03,153.103,0.004,0.208,0.0,0.0,0.0,0.0,-0.04,0.02,-0.11,0,0.0,0.0,0.0,0.0,0
193,1652992544,667996700,"""2003127""",259260.24,259260.244969,0,39.040000755,-77.390000281,-0.033,153.103,-0.01,0.182,0.0,0.0,0.0,0.0,-0.04,0.02,-0.1,0,0.0,0.0,0.0,0.0,0
194,1652992544,689116393,"""2003127""",259260.26,259260.26497,0,39.040000759,-77.390000292,-0.035,153.104,-0.015,0.164,0.0,0.0,0.0,0.0,-0.04,0.02,-0.1,0,0.0,0.0,0.0,0.0,0
195,1652992544,709948945,"""2003127""",259260.28,259260.284971,0,39.040000763,-77.390000303,-0.037,153.104,-0.015,0.164,0.0,0.0,0.0,0.0,-0.04,0.02,-0.11,0,0.0,0.0,0.0,0.0,0
196,1652992544,730936197,"""2003127""",259260.3,259260.304972,0,39.040000768,-77.390000313,-0.039,153.103,-0.02,0.162,0.0,0.0,0.0,0.0,-0.04,0.02,-0.11,0,0.0,0.0,0.0,0.0,0
197,1652992544,746927093,"""2003127""",259260.32,259260.324974,0,39.040000772,-77.390000324,-0.042,153.104,-0.022,0.159,0.0,0.0,0.0,0.0,-0.04,0.02,-0.11,0,0.0,0.0,0.0,0.0,0
198,1652992544,767969492,"""2003127""",259260.34,259260.344975,0,39.040000777,-77.390000335,-0.044,153.104,-0.018,0.161,0.0,0.0,0.0,0.0,-0.04,0.02,-0.11,0,0.0,0.0,0.0,0.0,0
199,1652992544,788934634,"""2003127""",259260.36,259260.364976,0,39.040000781,-77.390000346,-0.046,153.103,-0.018,0.162,0.0,0.0,0.0,0.0,-0.04,0.02,-0.11,0,0.0,0.0,0.0,0.0,0
200,1652992544,809896646,"""2003127""",259260.38,259260.384977,0,39.040000785,-77.390000357,-0.048,153.104,-0.02,0.162,0.0,0.0,0.0,0.0,-0.04,0.02,-0.11,0,0.0,0.0,0.0,0.0,0
201,1652992544,830901101,"""2003127""",259260.4,259260.404978,0,39.04000079,-77.390000368,-0.051,153.104,-0.019,0.16,0.0,0.0,0.0,0.0,-0.04,0.02,-0.11,0,0.0,0.0,0.0,0.0,0
202,1652992544,847064733,"""2003127""",259260.42,259260.42498,0,39.040000794,-77.390000379,-0.053,153.104,-0.02,0.161,0.0,0.0,0.0,0.0,-0.04,0.02,-0.11,0,0.0,0.0,0.0,0.0,0
203,1652992544,867987709,"""2003127""",259260.44,259260.444981,0,39.040000799,-77.39000039,-0.055,153.103,-0.019,0.16,0.0,0.0,0.0,0.0,-0.04,0.02,-0.11,0,0.0,0.0,0.0,0.0,0
204,1652992544,888903148,"""2003127""",259260.46,259260.464982,0,39.040000803,-77.390000401,-0.057,153.101,-0.021,0.159,0.0,0.0,0.0,0.0,-0.04,0.02,-0.11,0,0.0,0.0,0.0,0.0,0
205,1652992544,909878215,"""2003127""",259260.48,259260.484983,0,39.040000808,-77.390000412,-0.06,153.098,-0.022,0.16,0.0,0.0,0.0,0.0,-0.04,0.02,-0.11,0,0.0,0.0,0.0,0.0,0
206,1652992544,931001057,"""2003127""",259260.5,259260.504985,0,39.040000812,-77.390000423,-0.062,153.096,-0.023,0.159,0.0,0.0,0.0,0.0,-0.04,0.02,-0.11,0,0.0,0.0,0.0,0.0,0
207,1652992544,947062784,"""2003127""",259260.52,259260.524916,0,39.040000817,-77.390000433,-0.064,153.094,-0.024,0.16,0.0,0.0,0.0,0.0,-0.04,0.02,-0.11,0,0.0,0.0,0.0,0.0,0
208,1652992544,968581579,"""2003127""",259260.54,259260.544917,0,39.040000821,-77.390000444,-0.066,153.092,-0.024,0.16,0.0,0.0,0.0,0.0,-0.04,0.02,-0.11,0,0.0,0.0,0.0,0.0,0
209,1652992544,989162563,"""2003127""",259260.56,259260.56492,0,39.040000826,-77.390000455,-0.069,153.09,-0.024,0.16,0.0,0.0,0.0,0.0,-0.04,0.02,-0.11,0,0.0,0.0,0.0,0.0,0
210,1652992545,9837564,"""2003127""",259260.58,259260.584919,0,39.04000083,-77.390000466,-0.071,153.088,-0.024,0.16,0.0,0.0,0.0,0.0,-0.04,0.02,-0.11,0,0.0,0.0,0.0,0.0,0
211,1652992545,30866426,"""2003127""",259260.6,259260.604922,0,39.040000835,-77.390000477,-0.073,153.086,-0.026,0.159,0.0,0.0,0.0,0.0,-0.04,0.02,-0.11,0,0.0,0.0,0.0,0.0,0
212,1652992545,46900580,"""2003127""",259260.62,259260.624921,0,39.040000839,-77.390000488,-0.076,153.084,-0.026,0.159,0.0,0.0,0.0,0.0,-0.04,0.02,-0.11,0,0.0,0.0,0.0,0.0,0
213,1652992545,67889814,"""2003127""",259260.64,259260.644923,0,39.040000844,-77.390000499,-0.078,153.082,-0.025,0.159,0.0,0.0,0.0,0.0,-0.04,0.02,-0.11,0,0.0,0.0,0.0,0.0,0
214,1652992545,88927546,"""2003127""",259260.66,259260.664924,0,39.040000848,-77.39000051,-0.08,153.08,-0.025,0.159,0.0,0.0,0.0,0.0,-0.04,0.02,-0.11,0,0.0,0.0,0.0,0.0,0
215,1652992545,109910947,"""2003127""",259260.68,259260.684925,0,39.040000853,-77.390000521,-0.082,153.079,-0.02,0.164,0.0,0.0,0.0,0.0,-0.04,0.02,-0.11,0,0.0,0.0,0.0,0.0,0
216,1652992545,130880292,"""2003127""",259260.7,259260.704926,0,39.040000857,-77.390000532,-0.085,153.076,-0.018,0.166,0.0,0.0,0.0,0.0,-0.04,0.02,-0.11,0,0.0,0.0,0.0,0.0,0
217,1652992545,147071924,"""2003127""",259260.72,259260.724927,0,39.040000862,-77.390000543,-0.087,153.073,-0.025,0.164,0.0,0.0,0.0,0.0,-0.04,0.02,-0.11,0,0.0,0.0,0.0,0.0,0
218,1652992545,167937309,"""2003127""",259260.74,259260.744929,0,39.040000866,-77.390000554,-0.089,153.07,-0.024,0.162,0.0,0.0,0.0,0.0,-0.04,0.02,-0.1,0,0.0,0.0,0.0,0.0,0
219,1652992545,189026021,"""2003127""",259260.76,259260.76493,0,39.040000871,-77.390000564,-0.091,153.068,-0.027,0.16,0.0,0.0,0.0,0.0,-0.04,0.02,-0.1,0,0.0,0.0,0.0,0.0,0
220,1652992545,209954534,"""2003127""",259260.78,259260.784931,0,39.040000875,-77.390000575,-0.093,153.065,-0.024,0.159,0.0,0.0,0.0,0.0,-0.04,0.02,-0.11,0,0.0,0.0,0.0,0.0,0
221,1652992545,230784605,"""2003127""",259260.8,259260.804932,0,39.04000088,-77.390000586,-0.096,153.062,-0.024,0.159,0.0,0.0,0.0,0.0,-0.04,0.02,-0.11,0,0.0,0.0,0.0,0.0,0
222,1652992545,246961515,"""2003127""",259260.82,259260.824933,0,39.040000884,-77.390000597,-0.098,153.061,-0.023,0.162,0.0,0.0,0.0,0.0,-0.04,0.02,-0.11,0,0.0,0.0,0.0,0.0,0
223,1652992545,267931342,"""2003127""",259260.84,259260.844937,0,39.040000889,-77.390000608,-0.1,153.058,-0.022,0.164,0.0,0.0,0.0,0.0,-0.04,0.02,-0.11,0,0.0,0.0,0.0,0.0,0
224,1652992545,288951390,"""2003127""",259260.86,259260.864936,0,39.040000894,-77.390000619,-0.103,153.056,-0.025,0.165,0.0,0.0,0.0,0.0,-0.04,0.02,-0.11,0,0.0,0.0,0.0,0.0,0
225,1652992545,310026973,"""2003127""",259260.88,259260.884937,0,39.040000898,-77.39000063,-0.105,153.055,-0.025,0.166,0.0,0.0,0.0,0.0,-0.04,0.02,-0.11,0,0.0,0.0,0.0,0.0,0
226,1652992545,330821767,"""2003127""",259260.9,259260.90494,0,39.040000903,-77.390000641,-0.107,153.053,-0.025,0.165,0.0,0.0,0.0,0.0,-0.04,0.02,-0.1,0,0.0,0.0,0.0,0.0,0
227,1652992545,346947549,"""2003127""",259260.92,259260.924939,0,39.040000907,-77.390000652,-0.109,153.05,-0.023,0.165,0.0,0.0,0.0,0.0,-0.04,0.02,-0.11,0,0.0,0.0,0.0,0.0,0
228,1652992545,367949875,"""2003127""",259260.94,259260.94494,0,39.040000912,-77.390000662,-0.112,153.047,-0.024,0.165,0.0,0.0,0.0,0.0,-0.04,0.02,-0.11,0,0.0,0.0,0.0,0.0,0
229,1652992545,389126770,"""2003127""",259260.96,259260.964942,0,39.040000917,-77.390000673,-0.114,153.045,-0.023,0.166,0.0,0.0,0.0,0.0,-0.04,0.02,-0.11,0,0.0,0.0,0.0,0.0,0
230,1652992545,410474273,"""2003127""",259260.98,259260.984943,0,39.040000921,-77.390000684,-0.116,153.042,-0.023,0.168,0.0,0.0,0.0,0.0,-0.04,0.02,-0.11,0,0.0,0.0,0.0,0.0,0
231,1652992545,430805875,"""2003127""",259261.0,259261.004944,0,39.040000926,-77.390000695,-0.119,153.039,-0.019,0.169,0.0,0.0,0.0,0.0,-0.04,0.02,-0.11,0,0.0,0.0,0.0,0.0,0
232,1652992545,446869324,"""2003127""",259261.02,259261.024945,0,39.04000093,-77.390000706,-0.121,153.037,-0.017,0.171,0.0,0.0,0.0,0.0,-0.04,0.02,-0.11,0,0.0,0.0,0.0,0.0,0
233,1652992545,467881576,"""2003127""",259261.04,259261.044946,0,39.040000935,-77.390000717,-0.123,153.035,-0.018,0.17,0.0,0.0,0.0,0.0,-0.04,0.02,-0.11,0,0.0,0.0,0.0,0.0,0
234,1652992545,488776238,"""2003127""",259261.06,259261.064948,0,39.04000094,-77.390000728,-0.125,153.033,-0.017,0.17,0.0,0.0,0.0,0.0,-0.04,0.02,-0.11,0,0.0,0.0,0.0,0.0,0
235,1652992545,509875339,"""2003127""",259261.08,259261.084949,0,39.040000944,-77.390000739,-0.128,153.031,-0.017,0.17,0.0,0.0,0.0,0.0,-0.04,0.02,-0.11,0,0.0,0.0,0.0,0.0,0
236,1652992545,530821389,"""2003127""",259261.1,259261.10495,0,39.040000949,-77.39000075,-0.13,153.028,-0.016,0.169,0.0,0.0,0.0,0.0,-0.04,0.02,-0.11,0,0.0,0.0,0.0,0.0,0
237,1652992545,546827395,"""2003127""",259261.12,259261.124951,0,39.040000953,-77.390000761,-0.132,153.026,-0.017,0.17,0.0,0.0,0.0,0.0,-0.04,0.02,-0.11,0,0.0,0.0,0.0,0.0,0
238,1652992545,567872202,"""2003127""",259261.14,259261.144953,0,39.040000958,-77.390000772,-0.134,153.024,-0.018,0.172,0.0,0.0,0.0,0.0,-0.04,0.02,-0.11,0,0.0,0.0,0.0,0.0,0
239,1652992545,588880713,"""2003127""",259261.16,259261.164954,0,39.040000963,-77.390000783,-0.137,153.021,-0.019,0.172,0.0,0.0,0.0,0.0,-0.04,0.02,-0.11,0,0.0,0.0,0.0,0.0,0
240,1652992545,609832651,"""2003127""",259261.18,259261.184955,0,39.040000967,-77.390000793,-0.139,153.019,-0.018,0.172,0.0,0.0,0.0,0.0,-0.04,0.02,-0.11,0,0.0,0.0,0.0,0.0,0
241,1652992545,630783293,"""2003127""",259261.2,259261.204956,0,39.040000972,-77.390000804,-0.141,153.017,-0.018,0.173,0.0,0.0,0.0,0.0,-0.04,0.02,-0.11,0,0.0,0.0,0.0,0.0,0
242,1652992545,646826484,"""2003127""",259261.22,259261.224957,0,39.040000976,-77.390000815,-0.144,153.015,-0.018,0.172,0.0,0.0,0.0,0.0,-0.04,0.02,-0.11,0,0.0,0.0,0.0,0.0,0
243,1652992545,667792107,"""2003127""",259261.24,259261.244958,0,39.040000981,-77.390000826,-0.146,153.013,-0.018,0.172,0.0,0.0,0.0,0.0,-0.04,0.02,-0.11,0,0.0,0.0,0.0,0.0,0
244,1652992545,688794470,"""2003127""",259261.26,259261.264959,0,39.040000986,-77.390000837,-0.148,153.011,-0.016,0.173,0.0,0.0,0.0,0.0,-0.04,0.02,-0.11,0,0.0,0.0,0.0,0.0,0
245,1652992545,709800870,"""2003127""",259261.28,259261.284961,0,39.04000099,-77.390000848,-0.15,153.008,-0.016,0.173,0.0,0.0,0.0,0.0,-0.04,0.02,-0.11,0,0.0,0.0,0.0,0.0,0
246,1652992545,730802159,"""2003127""",259261.3,259261.304962,0,39.040000995,-77.390000859,-0.153,153.007,-0.017,0.173,0.0,0.0,0.0,0.0,-0.04,0.02,-0.11,0,0.0,0.0,0.0,0.0,0
247,1652992545,746802499,"""2003127""",259261.32,259261.324965,0,39.040001,-77.39000087,-0.155,153.004,-0.016,0.173,0.0,0.0,0.0,0.0,-0.04,0.02,-0.11,0,0.0,0.0,0.0,0.0,0
248,1652992545,767991765,"""2003127""",259261.34,259261.344966,0,39.040001004,-77.390000881,-0.157,153.002,-0.016,0.173,0.0,0.0,0.0,0.0,-0.04,0.02,-0.11,0,0.0,0.0,0.0,0.0,0
249,1652992545,788621711,"""2003127""",259261.36,259261.364966,0,39.040001009,-77.390000892,-0.159,152.999,-0.016,0.173,0.0,0.0,0.0,0.0,-0.04,0.02,-0.11,0,0.0,0.0,0.0,0.0,0
250,1652992545,809639333,"""2003127""",259261.38,259261.384967,0,39.040001014,-77.390000903,-0.162,152.997,-0.017,0.173,0.0,0.0,0.0,0.0,-0.04,0.02,-0.11,0,0.0,0.0,0.0,0.0,0
251,1652992545,830659344,"""2003127""",259261.4,259261.404967,0,39.040001018,-77.390000914,-0.164,152.996,-0.017,0.173,0.0,0.0,0.0,0.0,-0.04,0.02,-0.11,0,0.0,0.0,0.0,0.0,0
252,1652992545,846626574,"""2003127""",259261.42,259261.424969,0,39.040001023,-77.390000925,-0.166,152.993,-0.018,0.174,0.0,0.0,0.0,0.0,-0.04,0.02,-0.11,0,0.0,0.0,0.0,0.0,0
253,1652992545,867607622,"""2003127""",259261.44,259261.44497,0,39.040001028,-77.390000936,-0.168,152.992,-0.018,0.173,0.0,0.0,0.0,0.0,-0.04,0.02,-0.11,0,0.0,0.0,0.0,0.0,0
254,1652992545,888605486,"""2003127""",259261.46,259261.464971,0,39.040001032,-77.390000947,-0.171,152.989,-0.017,0.173,0.0,0.0,0.0,0.0,-0.04,0.02,-0.11,0,0.0,0.0,0.0,0.0,0
255,1652992545,909724235,"""2003127""",259261.48,259261.484972,0,39.040001037,-77.390000958,-0.173,152.987,-0.018,0.173,0.0,0.0,0.0,0.0,-0.04,0.02,-0.11,0,0.0,0.0,0.0,0.0,0
256,1652992545,930786263,"""2003127""",259261.5,259261.504974,0,39.040001042,-77.390000968,-0.175,152.984,-0.017,0.173,0.0,0.0,0.0,0.0,-0.04,0.02,-0.11,0,0.0,0.0,0.0,0.0,0
257,1652992545,946763751,"""2003127""",259261.52,259261.524905,0,39.040001046,-77.390000979,-0.177,152.982,-0.017,0.173,0.0,0.0,0.0,0.0,-0.04,0.02,-0.11,0,0.0,0.0,0.0,0.0,0
258,1652992545,967623840,"""2003127""",259261.54,259261.544906,0,39.040001051,-77.39000099,-0.18,152.98,-0.016,0.173,0.0,0.0,0.0,0.0,-0.04,0.02,-0.11,0,0.0,0.0,0.0,0.0,0
259,1652992545,988604611,"""2003127""",259261.56,259261.564907,0,39.040001056,-77.390001001,-0.182,152.978,-0.015,0.172,0.0,0.0,0.0,0.0,-0.04,0.02,-0.11,0,0.0,0.0,0.0,0.0,0
260,1652992546,9607048,"""2003127""",259261.58,259261.584911,0,39.04000106,-77.390001012,-0.184,152.976,-0.016,0.173,0.0,0.0,0.0,0.0,-0.04,0.02,-0.11,0,0.0,0.0,0.0,0.0,0
261,1652992546,30605115,"""2003127""",259261.6,259261.604909,0,39.040001065,-77.390001023,-0.186,152.974,-0.013,0.173,0.0,0.0,0.0,0.0,-0.04,0.02,-0.11,0,0.0,0.0,0.0,0.0,0
262,1652992546,46589808,"""2003127""",259261.62,259261.624911,0,39.04000107,-77.390001034,-0.189,152.972,-0.013,0.173,0.0,0.0,0.0,0.0,-0.04,0.02,-0.11,0,0.0,0.0,0.0,0.0,0
263,1652992546,67572264,"""2003127""",259261.64,259261.644912,0,39.040001074,-77.390001045,-0.191,152.969,-0.013,0.173,0.0,0.0,0.0,0.0,-0.04,0.02,-0.11,0,0.0,0.0,0.0,0.0,0
264,1652992546,88570627,"""2003127""",259261.66,259261.664913,0,39.040001079,-77.390001056,-0.193,152.967,-0.013,0.172,0.0,0.0,0.0,0.0,-0.04,0.02,-0.11,0,0.0,0.0,0.0,0.0,0
265,1652992546,109598471,"""2003127""",259261.68,259261.684914,0,39.040001084,-77.390001067,-0.196,152.964,-0.011,0.173,0.0,0.0,0.0,0.0,-0.04,0.02,-0.11,0,0.0,0.0,0.0,0.0,0
266,1652992546,130829217,"""2003127""",259261.7,259261.704915,0,39.040001089,-77.390001078,-0.198,152.962,-0.012,0.173,0.0,0.0,0.0,0.0,-0.04,0.02,-0.11,0,0.0,0.0,0.0,0.0,0
267,1652992546,146721190,"""2003127""",259261.72,259261.724416,0,39.040001093,-77.390001089,-0.2,152.96,-0.011,0.173,0.0,0.0,0.0,0.0,-0.04,0.02,-0.11,0,0.0,0.0,0.0,0.0,0
268,1652992546,167694146,"""2003127""",259261.74,259261.744419,0,39.040001098,-77.3900011,-0.202,152.956,-0.01,0.174,0.0,0.0,0.0,0.0,-0.04,0.02,-0.11,0,0.0,0.0,0.0,0.0,0
269,1652992546,188571753,"""2003127""",259261.76,259261.76442,0,39.040001103,-77.390001111,-0.205,152.954,-0.008,0.174,0.0,0.0,0.0,0.0,-0.04,0.02,-0.11,0,0.0,0.0,0.0,0.0,0
270,1652992546,209589301,"""2003127""",259261.78,259261.78442,0,39.040001108,-77.390001122,-0.207,152.953,-0.008,0.175,0.0,0.0,0.0,0.0,-0.04,0.02,-0.11,0,0.0,0.0,0.0,0.0,0
271,1652992546,230563924,"""2003127""",259261.8,259261.804421,0,39.040001112,-77.390001133,-0.209,152.951,-0.009,0.175,0.0,0.0,0.0,0.0,-0.04,0.02,-0.11,0,0.0,0.0,0.0,0.0,0
272,1652992546,246523173,"""2003127""",259261.82,259261.824422,0,39.040001117,-77.390001144,-0.211,152.948,-0.008,0.174,0.0,0.0,0.0,0.0,-0.04,0.02,-0.11,0,0.0,0.0,0.0,0.0,0
273,1652992546,267511981,"""2003127""",259261.84,259261.844424,0,39.040001122,-77.390001155,-0.214,152.946,-0.006,0.173,0.0,0.0,0.0,0.0,-0.04,0.02,-0.11,0,0.0,0.0,0.0,0.0,0
274,1652992546,288757171,"""2003127""",259261.86,259261.864425,0,39.040001127,-77.390001166,-0.216,152.944,-0.005,0.173,0.0,0.0,0.0,0.0,-0.04,0.02,-0.11,0,0.0,0.0,0.0,0.0,0
275,1652992546,309871198,"""2003127""",259261.88,259261.884426,0,39.040001132,-77.390001177,-0.218,152.94,-0.004,0.174,0.0,0.0,0.0,0.0,-0.04,0.02,-0.11,0,0.0,0.0,0.0,0.0,0
276,1652992546,330687992,"""2003127""",259261.9,259261.904427,0,39.040001136,-77.390001187,-0.22,152.938,-0.005,0.174,0.0,0.0,0.0,0.0,-0.04,0.02,-0.11,0,0.0,0.0,0.0,0.0,0
277,1652992546,346707924,"""2003127""",259261.92,259261.924428,0,39.040001141,-77.390001198,-0.223,152.935,-0.004,0.175,0.0,0.0,0.0,0.0,-0.04,0.02,-0.11,0,0.0,0.0,0.0,0.0,0
278,1652992546,367551847,"""2003127""",259261.94,259261.944429,0,39.040001146,-77.390001209,-0.225,152.933,-0.005,0.174,0.0,0.0,0.0,0.0,-0.04,0.02,-0.11,0,0.0,0.0,0.0,0.0,0
279,1652992546,388551155,"""2003127""",259261.96,259261.96443,0,39.040001151,-77.39000122,-0.227,152.93,-0.005,0.175,0.0,0.0,0.0,0.0,-0.04,0.02,-0.11,0,0.0,0.0,0.0,0.0,0
280,1652992546,409490982,"""2003127""",259261.98,259261.984432,0,39.040001156,-77.390001231,-0.229,152.928,-0.005,0.174,0.0,0.0,0.0,0.0,-0.04,0.02,-0.11,0,0.0,0.0,0.0,0.0,0
281,1652992546,430492494,"""2003127""",259262.0,259262.004433,0,39.040001161,-77.390001242,-0.232,152.926,-0.005,0.174,0.0,0.0,0.0,0.0,-0.04,0.02,-0.11,0,0.0,0.0,0.0,0.0,0
282,1652992546,446576424,"""2003127""",259262.02,259262.024434,0,39.040001166,-77.390001253,-0.234,152.924,-0.007,0.174,0.0,0.0,0.0,0.0,-0.04,0.02,-0.11,0,0.0,0.0,0.0,0.0,0
283,1652992546,467462013,"""2003127""",259262.04,259262.044436,0,39.04000117,-77.390001264,-0.236,152.922,-0.008,0.173,0.0,0.0,0.0,0.0,-0.04,0.02,-0.11,0,0.0,0.0,0.0,0.0,0
284,1652992546,488502115,"""2003127""",259262.06,259262.064437,0,39.040001175,-77.390001275,-0.238,152.921,-0.009,0.173,0.0,0.0,0.0,0.0,-0.04,0.02,-0.11,0,0.0,0.0,0.0,0.0,0
285,1652992546,509443591,"""2003127""",259262.08,259262.084438,0,39.04000118,-77.390001286,-0.241,152.919,-0.01,0.174,0.0,0.0,0.0,0.0,-0.04,0.02,-0.11,0,0.0,0.0,0.0,0.0,0
286,1652992546,530653653,"""2003127""",259262.1,259262.104439,0,39.040001185,-77.390001297,-0.243,152.917,-0.011,0.174,0.0,0.0,0.0,0.0,-0.04,0.02,-0.11,0,0.0,0.0,0.0,0.0,0
287,1652992546,546546051,"""2003127""",259262.12,259262.124442,0,39.04000119,-77.390001308,-0.245,152.915,-0.011,0.172,0.0,0.0,0.0,0.0,-0.04,0.02,-0.11,0,0.0,0.0,0.0,0.0,0
288,1652992546,567763187,"""2003127""",259262.14,259262.144441,0,39.040001195,-77.390001319,-0.248,152.913,-0.009,0.173,0.0,0.0,0.0,0.0,-0.04,0.02,-0.11,0,0.0,0.0,0.0,0.0,0
289,1652992546,588522371,"""2003127""",259262.16,259262.164445,0,39.0400012,-77.39000133,-0.25,152.91,-0.01,0.174,0.0,0.0,0.0,0.0,-0.04,0.02,-0.11,0,0.0,0.0,0.0,0.0,0
290,1652992546,609544826,"""2003127""",259262.18,259262.184444,0,39.040001205,-77.390001341,-0.252,152.908,-0.01,0.171,0.0,0.0,0.0,0.0,-0.04,0.02,-0.11,0,0.0,0.0,0.0,0.0,0
291,1652992546,630498450,"""2003127""",259262.2,259262.204447,0,39.04000121,-77.390001352,-0.254,152.905,-0.009,0.173,0.0,0.0,0.0,0.0,-0.04,0.02,-0.11,0,0.0,0.0,0.0,0.0,0
292,1652992546,646524808,"""2003127""",259262.22,259262.224446,0,39.040001215,-77.390001363,-0.257,152.903,-0.01,0.175,0.0,0.0,0.0,0.0,-0.04,0.02,-0.11,0,0.0,0.0,0.0,0.0,0
293,1652992546,667758110,"""2003127""",259262.24,259262.244448,0,39.04000122,-77.390001374,-0.259,152.901,-0.009,0.174,0.0,0.0,0.0,0.0,-0.04,0.02,-0.11,0,0.0,0.0,0.0,0.0,0
294,1652992546,688720455,"""2003127""",259262.26,259262.264449,0,39.040001225,-77.390001385,-0.261,152.899,-0.008,0.175,0.0,0.0,0.0,0.0,-0.04,0.02,-0.11,0,0.0,0.0,0.0,0.0,0
295,1652992546,709528786,"""2003127""",259262.28,259262.28445,0,39.04000123,-77.390001396,-0.263,152.896,-0.009,0.176,0.0,0.0,0.0,0.0,-0.04,0.02,-0.11,0,0.0,0.0,0.0,0.0,0
296,1652992546,730654831,"""2003127""",259262.3,259262.304451,0,39.040001235,-77.390001407,-0.266,152.894,-0.01,0.175,0.0,0.0,0.0,0.0,-0.04,0.02,-0.11,0,0.0,0.0,0.0,0.0,0
297,1652992546,746493416,"""2003127""",259262.32,259262.324452,0,39.04000124,-77.390001418,-0.268,152.892,-0.009,0.177,0.0,0.0,0.0,0.0,-0.04,0.02,-0.11,0,0.0,0.0,0.0,0.0,0
298,1652992546,767516020,"""2003127""",259262.34,259262.344453,0,39.040001245,-77.39000143,-0.27,152.89,-0.007,0.18,0.0,0.0,0.0,0.0,-0.04,0.02,-0.11,0,0.0,0.0,0.0,0.0,0
299,1652992546,788661472,"""2003127""",259262.36,259262.364454,0,39.04000125,-77.390001441,-0.272,152.887,-0.007,0.181,0.0,0.0,0.0,0.0,-0.04,0.02,-0.11,0,0.0,0.0,0.0,0.0,0
300,1652992546,809465007,"""2003127""",259262.38,259262.384456,0,39.040001255,-77.390001452,-0.275,152.885,-0.006,0.178,0.0,0.0,0.0,0.0,-0.04,0.02,-0.11,0,0.0,0.0,0.0,0.0,0
301,1652992546,830528276,"""2003127""",259262.4,259262.404457,0,39.04000126,-77.390001463,-0.277,152.882,-0.007,0.179,0.0,0.0,0.0,0.0,-0.04,0.02,-0.11,0,0.0,0.0,0.0,0.0,0
302,1652992546,846473562,"""2003127""",259262.42,259262.424458,0,39.040001265,-77.390001474,-0.279,152.88,-0.01,0.178,0.0,0.0,0.0,0.0,-0.04,0.02,-0.11,0,0.0,0.0,0.0,0.0,0
303,1652992546,867636291,"""2003127""",259262.44,259262.444459,0,39.04000127,-77.390001485,-0.281,152.878,-0.01,0.176,0.0,0.0,0.0,0.0,-0.04,0.02,-0.11,0,0.0,0.0,0.0,0.0,0
304,1652992546,888799891,"""2003127""",259262.46,259262.46446,0,39.040001275,-77.390001496,-0.284,152.876,-0.01,0.178,0.0,0.0,0.0,0.0,-0.04,0.02,-0.11,0,0.0,0.0,0.0,0.0,0
305,1652992546,909450707,"""2003127""",259262.48,259262.484461,0,39.04000128,-77.390001507,-0.286,152.873,-0.012,0.181,0.0,0.0,0.0,0.0,-0.04,0.02,-0.11,0,0.0,0.0,0.0,0.0,0
306,1652992546,930633584,"""2003127""",259262.5,259262.504462,0,39.040001285,-77.390001518,-0.288,152.87,-0.013,0.18,0.0,0.0,0.0,0.0,-0.04,0.02,-0.11,0,0.0,0.0,0.0,0.0,0
307,1652992546,946508317,"""2003127""",259262.52,259262.524394,0,39.04000129,-77.390001529,-0.291,152.87,-0.013,0.178,0.0,0.0,0.0,0.0,-0.04,0.02,-0.11,0,0.0,0.0,0.0,0.0,0
308,1652992546,967531272,"""2003127""",259262.54,259262.544395,0,39.040001295,-77.39000154,-0.293,152.868,-0.014,0.18,0.0,0.0,0.0,0.0,-0.04,0.02,-0.11,0,0.0,0.0,0.0,0.0,0
309,1652992546,988631336,"""2003127""",259262.56,259262.564396,0,39.0400013,-77.390001551,-0.295,152.864,-0.016,0.18,0.0,0.0,0.0,0.0,-0.04,0.02,-0.11,0,0.0,0.0,0.0,0.0,0
310,1652992547,15382815,"""2003127""",259262.58,259262.584397,0,39.040001306,-77.390001563,-0.297,152.864,-0.014,0.179,0.0,0.0,0.0,0.0,-0.04,0.02,-0.11,0,0.0,0.0,0.0,0.0,0
311,1652992547,30327052,"""2003127""",259262.6,259262.604401,0,39.040001311,-77.390001574,-0.3,152.862,-0.016,0.181,0.0,0.0,0.0,0.0,-0.04,0.02,-0.11,0,0.0,0.0,0.0,0.0,0
312,1652992547,46491425,"""2003127""",259262.62,259262.624401,0,39.040001316,-77.390001585,-0.302,152.859,-0.019,0.181,0.0,0.0,0.0,0.0,-0.04,0.02,-0.11,0,0.0,0.0,0.0,0.0,0
313,1652992547,67375125,"""2003127""",259262.64,259262.644401,0,39.040001321,-77.390001596,-0.304,152.859,-0.021,0.18,0.0,0.0,0.0,0.0,-0.04,0.02,-0.11,0,0.0,0.0,0.0,0.0,0
314,1652992547,88502614,"""2003127""",259262.66,259262.664402,0,39.040001326,-77.390001607,-0.306,152.858,-0.021,0.181,0.0,0.0,0.0,0.0,-0.04,0.02,-0.11,0,0.0,0.0,0.0,0.0,0
315,1652992547,109334649,"""2003127""",259262.68,259262.684403,0,39.040001331,-77.390001618,-0.309,152.855,-0.02,0.182,0.0,0.0,0.0,0.0,-0.04,0.02,-0.11,0,0.0,0.0,0.0,0.0,0
316,1652992547,130319253,"""2003127""",259262.7,259262.704404,0,39.040001336,-77.390001629,-0.311,152.853,-0.022,0.18,0.0,0.0,0.0,0.0,-0.04,0.02,-0.11,0,0.0,0.0,0.0,0.0,0
317,1652992547,146423794,"""2003127""",259262.72,259262.724406,0,39.040001341,-77.390001641,-0.313,152.852,-0.026,0.181,0.0,0.0,0.0,0.0,-0.04,0.02,-0.11,0,0.0,0.0,0.0,0.0,0
318,1652992547,167526563,"""2003127""",259262.74,259262.744407,0,39.040001346,-77.390001652,-0.315,152.849,-0.026,0.182,0.0,0.0,0.0,0.0,-0.04,0.02,-0.11,0,0.0,0.0,0.0,0.0,0
319,1652992547,188481890,"""2003127""",259262.76,259262.764408,0,39.040001352,-77.390001663,-0.318,152.849,-0.025,0.179,0.0,0.0,0.0,0.0,-0.04,0.02,-0.11,0,0.0,0.0,0.0,0.0,0
320,1652992547,210018203,"""2003127""",259262.78,259262.784409,0,39.040001357,-77.390001674,-0.32,152.848,-0.025,0.181,0.0,0.0,0.0,0.0,-0.04,0.02,-0.11,0,0.0,0.0,0.0,0.0,0
321,1652992547,230291918,"""2003127""",259262.8,259262.80441,0,39.040001362,-77.390001685,-0.322,152.846,-0.027,0.18,0.0,0.0,0.0,0.0,-0.04,0.02,-0.11,0,0.0,0.0,0.0,0.0,0
322,1652992547,246388256,"""2003127""",259262.82,259262.824411,0,39.040001367,-77.390001696,-0.325,152.843,-0.025,0.181,0.0,0.0,0.0,0.0,-0.04,0.02,-0.11,0,0.0,0.0,0.0,0.0,0
323,1652992547,267478006,"""2003127""",259262.84,259262.844413,0,39.040001372,-77.390001707,-0.327,152.84,-0.026,0.179,0.0,0.0,0.0,0.0,-0.04,0.02,-0.11,0,0.0,0.0,0.0,0.0,0
324,1652992547,288516386,"""2003127""",259262.86,259262.864414,0,39.040001377,-77.390001719,-0.329,152.839,-0.029,0.18,0.0,0.0,0.0,0.0,-0.04,0.02,-0.11,0,0.0,0.0,0.0,0.0,0
325,1652992547,309342013,"""2003127""",259262.88,259262.884415,0,39.040001382,-77.39000173,-0.331,152.838,-0.031,0.182,0.0,0.0,0.0,0.0,-0.04,0.02,-0.11,0,0.0,0.0,0.0,0.0,0
326,1652992547,330460300,"""2003127""",259262.9,259262.904416,0,39.040001387,-77.390001741,-0.334,152.837,-0.03,0.183,0.0,0.0,0.0,0.0,-0.04,0.02,-0.11,0,0.0,0.0,0.0,0.0,0
327,1652992547,346316570,"""2003127""",259262.92,259262.924417,0,39.040001393,-77.390001752,-0.336,152.834,-0.029,0.181,0.0,0.0,0.0,0.0,-0.04,0.02,-0.11,0,0.0,0.0,0.0,0.0,0
328,1652992547,368312130,"""2003127""",259262.94,259262.94442,0,39.040001398,-77.390001763,-0.338,152.833,-0.027,0.181,0.0,0.0,0.0,0.0,-0.04,0.02,-0.11,0,0.0,0.0,0.0,0.0,0
329,1652992547,389449601,"""2003127""",259262.96,259262.96442,0,39.040001403,-77.390001774,-0.34,152.831,-0.028,0.182,0.0,0.0,0.0,0.0,-0.04,0.02,-0.11,0,0.0,0.0,0.0,0.0,0
330,1652992547,410678440,"""2003127""",259262.98,259262.984423,0,39.040001408,-77.390001786,-0.343,152.828,-0.029,0.181,0.0,0.0,0.0,0.0,-0.04,0.02,-0.11,0,0.0,0.0,0.0,0.0,0
331,1652992547,426242810,"""2003127""",259263.0,259263.004422,0,39.040001413,-77.390001797,-0.345,152.826,-0.025,0.181,0.0,0.0,0.0,0.0,-0.04,0.02,-0.11,0,0.0,0.0,0.0,0.0,0
332,1652992547,448939501,"""2003127""",259263.02,259263.024423,0,39.040001418,-77.390001808,-0.347,152.824,-0.027,0.182,0.0,0.0,0.0,0.0,-0.04,0.02,-0.11,0,0.0,0.0,0.0,0.0,0
333,1652992547,469769554,"""2003127""",259263.04,259263.044424,0,39.040001423,-77.390001819,-0.35,152.822,-0.03,0.181,0.0,0.0,0.0,0.0,-0.04,0.02,-0.11,0,0.0,0.0,0.0,0.0,0
334,1652992547,490458092,"""2003127""",259263.06,259263.064427,0,39.040001428,-77.39000183,-0.352,152.82,-0.027,0.181,0.0,0.0,0.0,0.0,-0.04,0.02,-0.11,0,0.0,0.0,0.0,0.0,0
335,1652992547,506306954,"""2003127""",259263.08,259263.084427,0,39.040001433,-77.390001841,-0.354,152.818,-0.025,0.18,0.0,0.0,0.0,0.0,-0.04,0.02,-0.11,0,0.0,0.0,0.0,0.0,0
336,1652992547,528646840,"""2003127""",259263.1,259263.104428,0,39.040001438,-77.390001853,-0.356,152.816,-0.023,0.178,0.0,0.0,0.0,0.0,-0.04,0.02,-0.11,0,0.0,0.0,0.0,0.0,0
337,1652992547,549357507,"""2003127""",259263.12,259263.124429,0,39.040001443,-77.390001864,-0.359,152.814,-0.025,0.179,0.0,0.0,0.0,0.0,-0.04,0.02,-0.11,0,0.0,0.0,0.0,0.0,0
338,1652992547,570412146,"""2003127""",259263.14,259263.14443,0,39.040001449,-77.390001875,-0.361,152.811,-0.027,0.178,0.0,0.0,0.0,0.0,-0.04,0.02,-0.11,0,0.0,0.0,0.0,0.0,0
339,1652992547,586392302,"""2003127""",259263.16,259263.164432,0,39.040001454,-77.390001886,-0.363,152.809,-0.026,0.178,0.0,0.0,0.0,0.0,-0.04,0.02,-0.11,0,0.0,0.0,0.0,0.0,0
340,1652992547,607552828,"""2003127""",259263.18,259263.184433,0,39.040001459,-77.390001897,-0.365,152.806,-0.025,0.18,0.0,0.0,0.0,0.0,-0.04,0.02,-0.11,0,0.0,0.0,0.0,0.0,0
341,1652992547,628498100,"""2003127""",259263.2,259263.204435,0,39.040001464,-77.390001908,-0.368,152.804,-0.027,0.182,0.0,0.0,0.0,0.0,-0.04,0.02,-0.11,0,0.0,0.0,0.0,0.0,0
342,1652992547,649284783,"""2003127""",259263.22,259263.224438,0,39.040001469,-77.39000192,-0.37,152.802,-0.026,0.184,0.0,0.0,0.0,0.0,-0.04,0.02,-0.11,0,0.0,0.0,0.0,0.0,0
343,1652992547,670247518,"""2003127""",259263.24,259263.244436,0,39.040001474,-77.390001931,-0.372,152.8,-0.026,0.182,0.0,0.0,0.0,0.0,-0.04,0.02,-0.11,0,0.0,0.0,0.0,0.0,0
